{
    "name": "root",
    "gauges": {
        "ShipAgentFootball.Policy.Entropy.mean": {
            "value": 1.686018943786621,
            "min": 1.0332578420639038,
            "max": 1.9120995998382568,
            "count": 895
        },
        "ShipAgentFootball.Environment.EpisodeLength.mean": {
            "value": 423.09090909090907,
            "min": 274.84615384615387,
            "max": 899.0,
            "count": 895
        },
        "ShipAgentFootball.Self-play.ELO.mean": {
            "value": 1168.0205064071727,
            "min": 1127.474836526881,
            "max": 1207.7118046284288,
            "count": 895
        },
        "ShipAgentFootball.Policy.ExtrinsicValueEstimate.mean": {
            "value": 0.4173685908317566,
            "min": 0.005788903683423996,
            "max": 1.6518347263336182,
            "count": 895
        },
        "ShipAgentFootball.Environment.CumulativeReward.mean": {
            "value": 1.3203538385304538,
            "min": 0.2875620512401356,
            "max": 29.786365162242543,
            "count": 895
        },
        "ShipAgentFootball.Policy.ExtrinsicReward.mean": {
            "value": 1.3203538385304538,
            "min": 0.2875620512401356,
            "max": 29.786365162242543,
            "count": 895
        },
        "ShipAgentFootball.Losses.PolicyLoss.mean": {
            "value": 0.048112051162971584,
            "min": 0.042200087759367844,
            "max": 0.6806070075411025,
            "count": 895
        },
        "ShipAgentFootball.Losses.ValueLoss.mean": {
            "value": 0.05396501959750373,
            "min": 0.006272486761351019,
            "max": 0.36184490885999465,
            "count": 895
        },
        "ShipAgentFootball.Policy.LearningRate.mean": {
            "value": 0.003,
            "min": 0.002999999999999999,
            "max": 0.0030000000000000005,
            "count": 895
        },
        "ShipAgentFootball.Policy.Epsilon.mean": {
            "value": 0.19999999999999998,
            "min": 0.19999999999999996,
            "max": 0.20000000000000004,
            "count": 895
        },
        "ShipAgentFootball.Policy.Beta.mean": {
            "value": 0.004999999999999999,
            "min": 0.004999999999999999,
            "max": 0.005,
            "count": 895
        },
        "ShipAgentFootball.IsTraining.mean": {
            "value": 1.0,
            "min": 1.0,
            "max": 1.0,
            "count": 895
        }
    },
    "metadata": {
        "timer_format_version": "0.1.0",
        "start_time_seconds": "1608418470",
        "python_version": "3.8.2 (tags/v3.8.2:7b3ab59, Feb 25 2020, 23:03:10) [MSC v.1916 64 bit (AMD64)]",
        "command_line_arguments": "C:\\Users\\jokubask\\AppData\\Local\\Programs\\Python\\Python38\\Scripts\\mlagents-learn Assets/Config/AgentFootball.yml --run-id=football2x2LessReward --resume",
        "mlagents_version": "0.22.0",
        "mlagents_envs_version": "0.22.0",
        "communication_protocol_version": "1.2.0",
        "pytorch_version": "1.7.0+cu110",
        "numpy_version": "1.19.4",
        "end_time_seconds": "1608459079"
    },
    "total": 40609.3545417,
    "count": 1,
    "self": 0.3026587999993353,
    "children": {
        "run_training.setup": {
            "total": 0.01110420000000012,
            "count": 1,
            "self": 0.01110420000000012
        },
        "TrainerController.start_learning": {
            "total": 40609.0407787,
            "count": 1,
            "self": 30.180531499943754,
            "children": {
                "TrainerController._reset_env": {
                    "total": 9.718206900017138,
                    "count": 46,
                    "self": 9.718206900017138
                },
                "TrainerController.advance": {
                    "total": 40569.03165160004,
                    "count": 1136744,
                    "self": 14.143640402362507,
                    "children": {
                        "env_step": {
                            "total": 40554.888011197676,
                            "count": 1136744,
                            "self": 30806.52911549831,
                            "children": {
                                "SubprocessEnvManager._take_step": {
                                    "total": 9732.227449499467,
                                    "count": 1136744,
                                    "self": 121.97579019732439,
                                    "children": {
                                        "TorchPolicy.evaluate": {
                                            "total": 9610.251659302143,
                                            "count": 2259296,
                                            "self": 1937.2844835059177,
                                            "children": {
                                                "TorchPolicy.sample_actions": {
                                                    "total": 7672.967175796225,
                                                    "count": 2259296,
                                                    "self": 7672.967175796225
                                                }
                                            }
                                        }
                                    }
                                },
                                "workers": {
                                    "total": 16.13144619989982,
                                    "count": 1136743,
                                    "self": 0.0,
                                    "children": {
                                        "worker_root": {
                                            "total": 40554.505906298604,
                                            "count": 1136743,
                                            "is_parallel": true,
                                            "self": 12123.6896147984,
                                            "children": {
                                                "steps_from_proto": {
                                                    "total": 0.027938400040497413,
                                                    "count": 92,
                                                    "is_parallel": true,
                                                    "self": 0.011589900039322032,
                                                    "children": {
                                                        "_process_vector_observation": {
                                                            "total": 0.01634850000117538,
                                                            "count": 184,
                                                            "is_parallel": true,
                                                            "self": 0.01634850000117538
                                                        }
                                                    }
                                                },
                                                "UnityEnvironment.step": {
                                                    "total": 28430.788353100164,
                                                    "count": 1136743,
                                                    "is_parallel": true,
                                                    "self": 178.32638629784924,
                                                    "children": {
                                                        "UnityEnvironment._generate_step_input": {
                                                            "total": 1235.667659100558,
                                                            "count": 1136743,
                                                            "is_parallel": true,
                                                            "self": 1235.667659100558
                                                        },