{
    "name": "root",
    "gauges": {
        "ShipAgentFootball.Policy.Entropy.mean": {
            "value": 1.2972790002822876,
            "min": 1.2498869895935059,
            "max": 2.19399356842041,
            "count": 899
        },
        "ShipAgentFootball.Environment.EpisodeLength.mean": {
            "value": 466.2,
            "min": 277.6111111111111,
            "max": 899.0,
            "count": 899
        },
        "ShipAgentFootball.Self-play.ELO.mean": {
            "value": 1199.4515404978704,
            "min": 1196.6749635235933,
            "max": 1241.052572271907,
            "count": 899
        },
        "ShipAgentFootball.Policy.ExtrinsicValueEstimate.mean": {
            "value": 0.635959804058075,
            "min": -0.13004225492477417,
            "max": 0.7931140065193176,
            "count": 899
        },
        "ShipAgentFootball.Environment.CumulativeReward.mean": {
            "value": 6.7411965529123945,
            "min": -0.40044434262173517,
            "max": 9.613714822701045,
            "count": 899
        },
        "ShipAgentFootball.Policy.ExtrinsicReward.mean": {
            "value": 6.7411965529123945,
            "min": -0.40044434262173517,
            "max": 9.613714822701045,
            "count": 899
        },
        "ShipAgentFootball.Losses.PolicyLoss.mean": {
            "value": 0.04972174497272231,
            "min": 0.04039568269610523,
            "max": 0.05918443048669195,
            "count": 899
        },
        "ShipAgentFootball.Losses.ValueLoss.mean": {
            "value": 0.14015614249857894,
            "min": 2.2184493061450622e-05,
            "max": 0.20693635177929282,
            "count": 899
        },
        "ShipAgentFootball.Policy.LearningRate.mean": {
            "value": 0.003,
            "min": 0.002999999999999999,
            "max": 0.0030000000000000005,
            "count": 899
        },
        "ShipAgentFootball.Policy.Epsilon.mean": {
            "value": 0.2,
            "min": 0.19999999999999996,
            "max": 0.20000000000000004,
            "count": 899
        },
        "ShipAgentFootball.Policy.Beta.mean": {
            "value": 0.004999999999999999,
            "min": 0.004999999999999999,
            "max": 0.005,
            "count": 899
        },
        "ShipAgentFootball.IsTraining.mean": {
            "value": 1.0,
            "min": 1.0,
            "max": 1.0,
            "count": 899
        }
    },
    "metadata": {
        "timer_format_version": "0.1.0",
        "start_time_seconds": "1608372343",
        "python_version": "3.8.2 (tags/v3.8.2:7b3ab59, Feb 25 2020, 23:03:10) [MSC v.1916 64 bit (AMD64)]",
        "command_line_arguments": "C:\\Users\\jokubask\\AppData\\Local\\Programs\\Python\\Python38\\Scripts\\mlagents-learn Assets/Config/AgentFootball.yml --run-id=football2x2LessReward",
        "mlagents_version": "0.22.0",
        "mlagents_envs_version": "0.22.0",
        "communication_protocol_version": "1.2.0",
        "pytorch_version": "1.7.0+cu110",
        "numpy_version": "1.19.4",
        "end_time_seconds": "1608412595"
    },
    "total": 40252.3659774,
    "count": 1,
    "self": 0.30371829999785405,
    "children": {
        "run_training.setup": {
            "total": 0.054412799999999706,
            "count": 1,
            "self": 0.054412799999999706
        },
        "TrainerController.start_learning": {
            "total": 40252.0078463,
            "count": 1,
            "self": 30.83926520075329,
            "children": {
                "TrainerController._reset_env": {
                    "total": 14.245319600008802,
                    "count": 45,
                    "self": 14.245319600008802
                },
                "TrainerController.advance": {
                    "total": 40206.81706529924,
                    "count": 1142179,
                    "self": 14.153157398410258,
                    "children": {
                        "env_step": {
                            "total": 40192.66390790083,
                            "count": 1142179,
                            "self": 30252.803113003254,
                            "children": {
                                "SubprocessEnvManager._take_step": {
                                    "total": 9923.39325059846,
                                    "count": 1142179,
                                    "self": 127.075585495626,
                                    "children": {
                                        "TorchPolicy.evaluate": {
                                            "total": 9796.317665102833,
                                            "count": 2274090,
                                            "self": 1974.5963944054492,
                                            "children": {
                                                "TorchPolicy.sample_actions": {
                                                    "total": 7821.721270697384,
                                                    "count": 2274090,
                                                    "self": 7821.721270697384
                                                }
                                            }
                                        }
                                    }
                                },
                                "workers": {
                                    "total": 16.467544299118654,
                                    "count": 1142178,
                                    "self": 0.0,
                                    "children": {
                                        "worker_root": {
                                            "total": 40190.943729799765,
                                            "count": 1142178,
                                            "is_parallel": true,
                                            "self": 12331.155408297778,
                                            "children": {
                                                "steps_from_proto": {
                                                    "total": 0.0266936999672982,
                                                    "count": 90,
                                                    "is_parallel": true,
                                                    "self": 0.010999999932350235,
                                                    "children": {
                                                        "_process_vector_observation": {
                                                            "total": 0.015693700034947966,
                                                            "count": 180,
                                                            "is_parallel": true,
                                                            "self": 0.015693700034947966
                                                        }
                                                    }
                                                },
                                                "UnityEnvironment.step": {
                                                    "total": 27859.761627802018,
                                                    "count": 1142178,
                                                    "is_parallel": true,
                                                    "self": 177.00352770085374,
                                                    "children": {
                                                        "UnityEnvironment._generate_step_input": {
                                                            "total": 1219.5979789980104,
                                                            "count": 1142178,
                                                            "is_parallel": true,
                                                            "self": 1219.5979789980104
                                                        },