{
    "name": "root",
    "gauges": {
        "ShipAgentFootball.Policy.Entropy.mean": {
            "value": 1.3699082136154175,
            "min": 1.2368303537368774,
            "max": 1.574419617652893,
            "count": 81
        },
        "ShipAgentFootball.Environment.EpisodeLength.mean": {
            "value": 186.25,
            "min": 168.89655172413794,
            "max": 545.1,
            "count": 81
        },
        "ShipAgentFootball.Self-play.ELO.mean": {
            "value": 1292.7030342613364,
            "min": 1205.1555637662186,
            "max": 1301.2566602080467,
            "count": 81
        },
        "ShipAgentFootball.Policy.ExtrinsicValueEstimate.mean": {
            "value": 0.4955618977546692,
            "min": 0.15239651501178741,
            "max": 0.8529748320579529,
            "count": 81
        },
        "ShipAgentFootball.Environment.CumulativeReward.mean": {
            "value": 2.3908234384595133,
            "min": 1.162790141322396,
            "max": 13.182687326119495,
            "count": 81
        },
        "ShipAgentFootball.Policy.ExtrinsicReward.mean": {
            "value": 2.3908234384595133,
            "min": 1.162790141322396,
            "max": 13.182687326119495,
            "count": 81
        },
        "ShipAgentFootball.Losses.PolicyLoss.mean": {
            "value": 0.05647608521850962,
            "min": 0.041167154491025336,
            "max": 0.06220381871580777,
            "count": 81
        },
        "ShipAgentFootball.Losses.ValueLoss.mean": {
            "value": 0.17887446448645172,
            "min": 0.02044211215699059,
            "max": 0.377673346060093,
            "count": 81
        },
        "ShipAgentFootball.Policy.LearningRate.mean": {
            "value": 0.003,
            "min": 0.0029999999999999996,
            "max": 0.003,
            "count": 81
        },
        "ShipAgentFootball.Policy.Epsilon.mean": {
            "value": 0.19999999999999998,
            "min": 0.19999999999999998,
            "max": 0.2,
            "count": 81
        },
        "ShipAgentFootball.Policy.Beta.mean": {
            "value": 0.004999999999999999,
            "min": 0.004999999999999999,
            "max": 0.004999999999999999,
            "count": 81
        },
        "ShipAgentFootball.IsTraining.mean": {
            "value": 1.0,
            "min": 1.0,
            "max": 1.0,
            "count": 81
        }
    },
    "metadata": {
        "timer_format_version": "0.1.0",
        "start_time_seconds": "1610117879",
        "python_version": "3.8.2 (tags/v3.8.2:7b3ab59, Feb 25 2020, 23:03:10) [MSC v.1916 64 bit (AMD64)]",
        "command_line_arguments": "C:\\Users\\jokubask\\AppData\\Local\\Programs\\Python\\Python38\\Scripts\\mlagents-learn Assets/Config/AgentFootball.yml --run-id=football2x2-01-05 --resume",
        "mlagents_version": "0.22.0",
        "mlagents_envs_version": "0.22.0",
        "communication_protocol_version": "1.2.0",
        "pytorch_version": "1.7.0+cu110",
        "numpy_version": "1.19.4",
        "end_time_seconds": "1610121517"
    },
    "total": 3637.8361971,
    "count": 1,
    "self": 0.3376252999996723,
    "children": {
        "run_training.setup": {
            "total": 0.06515839999999962,
            "count": 1,
            "self": 0.06515839999999962
        },
        "TrainerController.start_learning": {
            "total": 3637.4334134,
            "count": 1,
            "self": 2.95060920008018,
            "children": {
                "TrainerController._reset_env": {
                    "total": 10.189643700000115,
                    "count": 5,
                    "self": 10.189643700000115
                },
                "TrainerController.advance": {
                    "total": 3624.19964339992,
                    "count": 104343,
                    "self": 1.398852599874317,
                    "children": {
                        "env_step": {
                            "total": 3622.800790800046,
                            "count": 104343,
                            "self": 2649.8343599999935,
                            "children": {
                                "SubprocessEnvManager._take_step": {
                                    "total": 971.3569748000396,
                                    "count": 104343,
                                    "self": 12.865762500055553,
                                    "children": {
                                        "TorchPolicy.evaluate": {
                                            "total": 958.491212299984,
                                            "count": 206516,
                                            "self": 184.7730166999861,
                                            "children": {
                                                "TorchPolicy.sample_actions": {
                                                    "total": 773.7181955999979,
                                                    "count": 206516,
                                                    "self": 773.7181955999979
                                                }
                                            }
                                        }
                                    }
                                },
                                "workers": {
                                    "total": 1.6094560000127949,
                                    "count": 104342,
                                    "self": 0.0,
                                    "children": {
                                        "worker_root": {
                                            "total": 3624.2666410000056,
                                            "count": 104342,
                                            "is_parallel": true,
                                            "self": 1186.6607640000225,
                                            "children": {
                                                "steps_from_proto": {
                                                    "total": 0.004187900000349742,
                                                    "count": 10,
                                                    "is_parallel": true,
                                                    "self": 0.0017062999997463635,
                                                    "children": {
                                                        "_process_vector_observation": {
                                                            "total": 0.002481600000603379,
                                                            "count": 20,
                                                            "is_parallel": true,
                                                            "self": 0.002481600000603379
                                                        }
                                                    }
                                                },
                                                "UnityEnvironment.step": {
                                                    "total": 2437.6016890999827,
                                                    "count": 104342,
                                                    "is_parallel": true,
                                                    "self": 16.031726799905755,
                                                    "children": {
                                                        "UnityEnvironment._generate_step_input": {
                                                            "total": 94.7842616000608,
                                                            "count": 104342,
                                                            "is_parallel": true,
                                                            "self": 94.7842616000608
                                                        },