{"count":1,"self":2949.5437312,"total":40241.099496999996,"children":{"InitializeActuators":{"count":16,"self":0.0019946,"total":0.0019946,"children":null},"InitializeSensors":{"count":16,"self":0.000997,"total":0.000997,"children":null},"AgentSendState":{"count":5685284,"self":374.8480512,"total":1141.7754422,"children":{"CollectObservations":{"count":18193472,"self":185.6999552,"total":185.69995469999998,"children":null},"CollectDiscreteActionMasks":{"count":18193472,"self":56.8905536,"total":56.8905537,"children":null},"RequestDecision":{"count":18193472,"self":183.0832256,"total":524.33688769999992,"children":{"AgentInfo.ToProto":{"count":18193472,"self":145.85685759999998,"total":341.2536659,"children":{"GenerateSensorData":{"count":18193472,"self":195.39679999999998,"total":195.39680579999998,"children":null}}}}}}},"DecideAction":{"count":5685284,"self":35962.1951488,"total":35962.193930199996,"children":null},"AgentAct":{"count":5685284,"self":187.0172672,"total":187.5823087,"children":{"AgentInfo.ToProto":{"count":27644,"self":0.257272,"total":0.5650408,"children":{"GenerateSensorData":{"count":27644,"self":0.3077688,"total":0.3077688,"children":null}}}}}},"gauges":{"ShipAgentFootball.CumulativeReward":{"count":27644,"max":55.79972,"min":-1,"runningAverage":1.078511,"value":2.09999919,"weightedAverage":3.23143649}},"metadata":{"timer_format_version":"0.1.0","start_time_seconds":"1608372354","unity_version":"2020.1.16f1","command_line_arguments":"C:\\Users\\jokubask\\Documents\\būršt mąnųal ŘiĞ\\2020.1\\Unity.exe -projectpath C:\/Users\/jokubask\/Documents\/reinforcement-test -useHub -hubIPC -cloudEnvironment production -hubSessionId e912c3a0-3640-11eb-893f-1bcde4e700ae","communication_protocol_version":"1.2.0","com.unity.ml-agents_version":"1.6.0-preview","scene_name":"football","end_time_seconds":"1608412595"}}