{"count":1,"self":1596.0221695999999,"total":17274.9453606,"children":{"InitializeActuators":{"count":24,"self":0.0019892,"total":0.0019892,"children":null},"InitializeSensors":{"count":24,"self":0.0010107,"total":0.0010107,"children":null},"AgentSendState":{"count":2113551,"self":707.67175679999991,"total":7905.6580498999992,"children":{"CollectObservations":{"count":10145520,"self":303.1589376,"total":303.1589283,"children":null},"CollectDiscreteActionMasks":{"count":10145520,"self":97.680864,"total":97.6808662,"children":null},"RequestDecision":{"count":10145520,"self":341.78040319999997,"total":6797.1464753,"children":{"AgentInfo.ToProto":{"count":10145520,"self":312.7187968,"total":6455.3660839999993,"children":{"GenerateSensorData":{"count":10145520,"self":6142.6470911999995,"total":6142.6472794,"children":null}}}}}}},"DecideAction":{"count":2113551,"self":7236.6964736,"total":7236.6965628,"children":null},"AgentAct":{"count":2113551,"self":526.8209664,"total":536.1665633,"children":{"AgentInfo.ToProto":{"count":12672,"self":0.44022469999999997,"total":9.3455769999999987,"children":{"GenerateSensorData":{"count":12672,"self":8.9053519999999988,"total":8.9053522999999988,"children":null}}}}}},"gauges":{"ShipAgentFootball.CumulativeReward":{"count":12672,"max":1.06444454,"min":-1,"runningAverage":-0.0275263786,"value":0,"weightedAverage":0.0193653759}},"metadata":{"timer_format_version":"0.1.0","start_time_seconds":"1607713069","unity_version":"2020.1.14f1","command_line_arguments":"E:\\unities\\2020.1.14f1\\Editor\\Unity.exe -projectpath C:\/Users\/Jokis\/Documents\/Kursinio projectas\/shitty 2d space game\/New Unity Project (2) -useHub -hubIPC -cloudEnvironment production -skipUpgradeDialogs -hubSessionId 814426b0-3bc7-11eb-a0d8-69d6a97e57db -accessToken D0BCzME98WtGR8byuqR2BkU3ATAhivaX8Axm6kcdoD4005f","communication_protocol_version":"1.2.0","com.unity.ml-agents_version":"1.6.0-preview","scene_name":"football","end_time_seconds":"1607730268"}}