{"count":1,"self":10830.262272,"total":142430.1735684,"children":{"InitializeActuators":{"count":12,"self":0.0009966,"total":0.0009966,"children":null},"InitializeSensors":{"count":12,"self":0.00099779999999999986,"total":0.00099779999999999986,"children":null},"AgentSendState":{"count":25575185,"self":1201.0184703999998,"total":4133.8867947,"children":{"CollectObservations":{"count":61381896,"self":829.3787136,"total":829.37870149999992,"children":null},"CollectDiscreteActionMasks":{"count":61381896,"self":187.5837568,"total":187.58376009999998,"children":null},"RequestDecision":{"count":61381896,"self":645.377024,"total":1915.9058155,"children":{"AgentInfo.ToProto":{"count":61381896,"self":496.1168896,"total":1270.5287719,"children":{"GenerateSensorData":{"count":61381896,"self":774.4118784,"total":774.4118851,"children":null}}}}}}},"DecideAction":{"count":25575185,"self":125378.953216,"total":125378.9521409,"children":null},"AgentAct":{"count":25575185,"self":2085.256192,"total":2087.0689952,"children":{"AgentInfo.ToProto":{"count":75954,"self":0.7063335,"total":1.8128343,"children":{"GenerateSensorData":{"count":75954,"self":1.1065007999999998,"total":1.1065007999999998,"children":null}}}}}},"gauges":{"ShipAgentFootball.CumulativeReward":{"count":75954,"max":1.72688913,"min":-1,"runningAverage":-0.008166822,"value":0.2,"weightedAverage":0.1096826}},"metadata":{"timer_format_version":"0.1.0","start_time_seconds":"1607904001","unity_version":"2020.1.16f1","command_line_arguments":"C:\\Users\\jokubask\\Documents\\būršt mąnųal ŘiĞ\\2020.1\\Unity.exe -projectpath C:\/Users\/jokubask\/Documents\/reinforcement-test -useHub -hubIPC -cloudEnvironment production -hubSessionId e912c3a0-3640-11eb-893f-1bcde4e700ae","communication_protocol_version":"1.2.0","com.unity.ml-agents_version":"1.6.0-preview","scene_name":"football","end_time_seconds":"1608046431"}}