{"count":1,"self":890.6372096,"total":5074.166913,"children":{"AgentSendState":{"count":3089401,"self":63.294956799999994,"total":1493.9322233,"children":{"CollectObservations":{"count":7414968,"self":7.8756176,"total":7.8756175,"children":null},"CollectDiscreteActionMasks":{"count":7414968,"self":8.0423128,"total":8.0423127,"children":null},"AgentInfo.ToProto":{"count":7414968,"self":23.5462416,"total":1414.7193344,"children":{"GenerateSensorData":{"count":7414968,"self":76.721715199999991,"total":1391.1730934,"children":{"RayPerceptionSensor.Perceive":{"count":14829936,"self":1314.4513536,"total":1314.4513802,"children":null}}}}}}},"DecideAction":{"count":3089401,"self":2649.0468352,"total":2649.0468026999997,"children":null},"AgentAct":{"count":3089401,"self":35.1618784,"total":40.5496702,"children":{"AgentInfo.ToProto":{"count":25888,"self":0.11888739999999999,"total":5.3877912,"children":{"GenerateSensorData":{"count":25888,"self":0.3408709,"total":5.2689037999999995,"children":{"RayPerceptionSensor.Perceive":{"count":51776,"self":4.9280327999999995,"total":4.9280329,"children":null}}}}}}}},"gauges":{"ShipAgentFootball.CumulativeReward":{"count":25888,"max":0.9276669,"min":-1,"runningAverage":-0.0366481878,"value":0,"weightedAverage":-1.42778736E-05}},"metadata":{"timer_format_version":"0.1.0","start_time_seconds":"1607186081","unity_version":"2020.1.14f1","command_line_arguments":"E:\\unities\\2020.1.14f1\\Editor\\Unity.exe -projectpath C:\/Users\/Jokis\/Documents\/Kursinio projectas\/shitty 2d space game\/New Unity Project (2) -useHub -hubIPC -cloudEnvironment production -hubSessionId 27757c70-36df-11eb-951f-215649772f64 -accessToken veJ2xkTRunEsFv5RqU8HdNtBGkeZxRk6Px0KqKFxm4s005f","communication_protocol_version":"1.0.0","com.unity.ml-agents_version":"1.0.6","scene_name":"football","end_time_seconds":"1607191155"}}